id;first_name;last_name;email;country
1;Chelsey;Wyman;Kiana.Bosco@hotmail.com;Kazakhstan
2;Precious;Rau;Claudine.Murray@gmail.com;Cyprus
3;Vaughn;Breitenberg;Dee31@gmail.com;Saint Martin
4;Graham;Green;Ramon41@yahoo.com;Tuvalu
5;Vidal;Dietrich;Winfield_Ruecker@yahoo.com;Hong Kong
6;Myriam;Murray;Quinn.McGlynn52@gmail.com;Chile
7;Devon;Franecki;Hazle_Rutherford95@gmail.com;Cocos (Keeling) Islands
8;Thalia;Buckridge;Isidro85@hotmail.com;Virgin Islands, U.S.
9;Hilbert;Botsford;Margaretta30@gmail.com;Bhutan
10;Mathilde;Runolfsson;Antonietta64@gmail.com;Kenya
